iter	RMSE
0	0.4587729715
1	0.3278216096
